1001,Capital Federal,CABA - Retiro
1002,Capital Federal,CABA - Monserrat
1003,Capital Federal,CABA - San Nicolas
1004,Capital Federal,CABA - San Nicolas
1005,Capital Federal,CABA - San Nicolas
1006,Capital Federal,CABA - Retiro
1007,Capital Federal,CABA - Retiro
1008,Capital Federal,CABA - Monserrat
1009,Capital Federal,CABA - San Nicolas
1010,Capital Federal,CABA - San Nicolas
1011,Capital Federal,CABA - Retiro
1012,Capital Federal,CABA - Monserrat
1013,Capital Federal,CABA - San Nicolas
1014,Capital Federal,CABA - Recoleta
1015,Capital Federal,CABA - San Nicolas
1016,Capital Federal,CABA - Recoleta
1017,Capital Federal,CABA - San Nicolas
1018,Capital Federal,CABA - Recoleta
1019,Capital Federal,CABA - Recoleta
1020,Capital Federal,CABA - Recoleta
1021,Capital Federal,CABA - Recoleta
1022,Capital Federal,CABA - Recoleta
1023,Capital Federal,CABA - Balvanera
1024,Capital Federal,CABA - Balvanera
1025,Capital Federal,CABA - Recoleta
1026,Capital Federal,CABA - Balvanera
1027,Capital Federal,CABA - Balvanera
1028,Capital Federal,CABA - Balvanera
1029,Capital Federal,CABA - Balvanera
1030,Capital Federal,CABA - Balvanera
1031,Capital Federal,CABA - Balvanera
1032,Capital Federal,CABA - Balvanera
1033,Capital Federal,CABA - Monserrat
1034,Capital Federal,CABA - Balvanera
1035,Capital Federal,CABA - Monserrat
1036,Capital Federal,CABA - San Nicolas
1037,Capital Federal,CABA - San Nicolas
1038,Capital Federal,CABA - San Nicolas
1039,Capital Federal,CABA - Balvanera
1040,Capital Federal,CABA - Balvanera
1041,Capital Federal,CABA - San Nicolas
1042,Capital Federal,CABA - San Nicolas
1043,Capital Federal,CABA - San Nicolas
1044,Capital Federal,CABA - Balvanera
1045,Capital Federal,CABA - Balvanera
1046,Capital Federal,CABA - Balvanera
1047,Capital Federal,CABA - San Nicolas
1048,Capital Federal,CABA - San Nicolas
1049,Capital Federal,CABA - San Nicolas
1050,Capital Federal,CABA - Balvanera
1051,Capital Federal,CABA - Balvanera
1052,Capital Federal,CABA - Balvanera
1053,Capital Federal,CABA - San Nicolas
1054,Capital Federal,CABA - Retiro
1055,Capital Federal,CABA - San Nicolas
1056,Capital Federal,CABA - Recoleta
1057,Capital Federal,CABA - Retiro
1058,Capital Federal,CABA - Retiro
1059,Capital Federal,CABA - Retiro
1060,Capital Federal,CABA - Recoleta
1061,Capital Federal,CABA - Recoleta
1062,Capital Federal,CABA - San Nicolas
1063,Capital Federal,CABA - San Telmo
1064,Capital Federal,CABA - San Telmo
1065,Capital Federal,CABA - San Telmo
1066,Capital Federal,CABA - San Telmo
1067,Capital Federal,CABA - Monserrat
1068,Capital Federal,CABA - Constitucion
1069,Capital Federal,CABA - San Telmo
1070,Capital Federal,CABA - San Telmo
1071,Capital Federal,CABA - Constitucion
1072,Capital Federal,CABA - Constitucion
1073,Capital Federal,CABA - Constitucion
1074,Capital Federal,CABA - Constitucion
1075,Capital Federal,CABA - Constitucion
1076,Capital Federal,CABA - Constitucion
1077,Capital Federal,CABA - Constitucion
1078,Capital Federal,CABA - Constitucion
1079,Capital Federal,CABA - Monserrat
1080,Capital Federal,CABA - Balvanera
1081,Capital Federal,CABA - Balvanera
1082,Capital Federal,CABA - Balvanera
1083,Capital Federal,CABA - Balvanera
1084,Capital Federal,CABA - Monserrat
1085,Capital Federal,CABA - Monserrat
1086,Capital Federal,CABA - Monserrat
1087,Capital Federal,CABA - Monserrat
1088,Capital Federal,CABA - Monserrat
1089,Capital Federal,CABA - Monserrat
1090,Capital Federal,CABA - Balvanera
1091,Capital Federal,CABA - Monserrat
1092,Capital Federal,CABA - Monserrat
1093,Capital Federal,CABA - Monserrat
1094,Capital Federal,CABA - Balvanera
1095,Capital Federal,CABA - Monserrat
1096,Capital Federal,CABA - Monserrat
1097,Capital Federal,CABA - Monserrat
1098,Capital Federal,CABA - San Telmo
1099,Capital Federal,CABA - San Telmo
1100,Capital Federal,CABA - Constitucion
1101,Capital Federal,CABA - San Telmo
1102,Capital Federal,CABA - San Telmo
1103,Capital Federal,CABA - San Telmo
1104,Capital Federal,CABA - Zona Puerto
1105,Capital Federal,CABA - Comunicaciones
1106,Capital Federal,CABA - Zona Puerto
1107,Capital Federal,CABA - Zona Puerto
1108,Capital Federal,CABA - Monserrat
1109,Capital Federal,CABA - Monserrat
1110,Capital Federal,CABA - Monserrat
1111,Capital Federal,CABA - Recoleta
1112,Capital Federal,CABA - Recoleta
1113,Capital Federal,CABA - Recoleta
1114,Capital Federal,CABA - Recoleta
1115,Capital Federal,CABA - Recoleta
1116,Capital Federal,CABA - Recoleta
1117,Capital Federal,CABA - Recoleta
1118,Capital Federal,CABA - Recoleta
1119,Capital Federal,CABA - Recoleta
1120,Capital Federal,CABA - Recoleta
1121,Capital Federal,CABA - Recoleta
1122,Capital Federal,CABA - Recoleta
1123,Capital Federal,CABA - Recoleta
1124,Capital Federal,CABA - Recoleta
1125,Capital Federal,CABA - Recoleta
1126,Capital Federal,CABA - Recoleta
1127,Capital Federal,CABA - Recoleta
1128,Capital Federal,CABA - Recoleta
1129,Capital Federal,CABA - Recoleta
1130,Capital Federal,CABA - Constitucion
1131,Capital Federal,Ciudad Autonoma Buenos Aires
1132,Capital Federal,Ciudad Autonoma Buenos Aires
1133,Capital Federal,CABA - Constitucion
1134,Capital Federal,CABA - Constitucion
1135,Capital Federal,CABA - Constitucion
1136,Capital Federal,CABA - Constitucion
1137,Capital Federal,CABA - Constitucion
1138,Capital Federal,CABA - Constitucion
1139,Capital Federal,CABA - Constitucion
1140,Capital Federal,CABA - Constitucion
1141,Capital Federal,CABA - Constitucion
1142,Capital Federal,Ciudad Autonoma Buenos Aires
1143,Capital Federal,CABA - Constitucion
1144,Capital Federal,Ciudad Autonoma Buenos Aires
1145,Capital Federal,Ciudad Autonoma Buenos Aires
1146,Capital Federal,Ciudad Autonoma Buenos Aires
1147,Capital Federal,CABA - San Telmo
1148,Capital Federal,CABA - Constitucion
1149,Capital Federal,Ciudad Autonoma Buenos Aires
1150,Capital Federal,CABA - San Telmo
1151,Capital Federal,CABA - Constitucion
1152,Capital Federal,CABA - Constitucion
1153,Capital Federal,CABA - Constitucion
1154,Capital Federal,CABA - Constitucion
1155,Capital Federal,CABA - San Telmo
1156,Capital Federal,CABA - San Telmo
1157,Capital Federal,CABA - San Telmo
1158,Capital Federal,CABA - San Telmo
1159,Capital Federal,CABA - La Boca
1160,Capital Federal,CABA - La Boca
1161,Capital Federal,CABA - La Boca
1162,Capital Federal,CABA - La Boca
1163,Capital Federal,CABA - La Boca
1164,Capital Federal,CABA - La Boca
1165,Capital Federal,CABA - La Boca
1166,Capital Federal,CABA - La Boca
1167,Capital Federal,CABA - La Boca
1168,Capital Federal,CABA - La Boca
1169,Capital Federal,CABA - La Boca
1170,Capital Federal,CABA - Balvanera
1171,Capital Federal,CABA - Balvanera
1172,Capital Federal,CABA - Almagro
1173,Capital Federal,CABA - Balvanera
1174,Capital Federal,CABA - Almagro
1175,Capital Federal,CABA - Almagro
1176,Capital Federal,CABA - Almagro
1177,Capital Federal,CABA - Almagro
1178,Capital Federal,CABA - Almagro
1179,Capital Federal,CABA - Almagro
1180,Capital Federal,CABA - Almagro
1181,Capital Federal,CABA - Almagro
1182,Capital Federal,CABA - Almagro
1183,Capital Federal,CABA - Almagro
1184,Capital Federal,CABA - Almagro
1185,Capital Federal,CABA - Almagro
1186,Capital Federal,CABA - Balvanera
1187,Capital Federal,CABA - Balvanera
1188,Capital Federal,CABA - Balvanera
1189,Capital Federal,CABA - Balvanera
1190,Capital Federal,CABA - Balvanera
1191,Capital Federal,CABA - Almagro
1192,Capital Federal,CABA - Almagro
1193,Capital Federal,CABA - Balvanera
1194,Capital Federal,CABA - Almagro
1195,Capital Federal,CABA - Almagro
1196,Capital Federal,CABA - Almagro
1197,Capital Federal,CABA - Almagro
1198,Capital Federal,CABA - Balvanera
1199,Capital Federal,CABA - Almagro
1200,Capital Federal,CABA - Almagro
1201,Capital Federal,CABA - Almagro
1202,Capital Federal,CABA - Almagro
1203,Capital Federal,CABA - Balvanera
1204,Capital Federal,CABA - Almagro
1205,Capital Federal,CABA - Almagro
1206,Capital Federal,CABA - Balvanera
1207,Capital Federal,CABA - Balvanera
1208,Capital Federal,CABA - Balvanera
1209,Capital Federal,CABA - Balvanera
1210,Capital Federal,CABA - Almagro
1211,Capital Federal,CABA - Balvanera
1212,Capital Federal,CABA - Almagro
1213,Capital Federal,CABA - Balvanera
1214,Capital Federal,CABA - Balvanera
1215,Capital Federal,CABA - Balvanera
1216,Capital Federal,CABA - Almagro
1217,Capital Federal,CABA - Almagro
1218,Capital Federal,CABA - Almagro
1219,Capital Federal,CABA - San Cristobal
1220,Capital Federal,CABA - San Cristobal
1221,Capital Federal,CABA - San Cristobal
1222,Capital Federal,CABA - San Cristobal
1223,Capital Federal,CABA - Balvanera
1224,Capital Federal,CABA - Balvanera
1225,Capital Federal,CABA - San Cristobal
1226,Capital Federal,CABA - Boedo
1227,Capital Federal,CABA - San Cristobal
1228,Capital Federal,CABA - Boedo
1229,Capital Federal,CABA - San Cristobal
1230,Capital Federal,CABA - San Cristobal
1231,Capital Federal,CABA - San Cristobal
1232,Capital Federal,CABA - San Cristobal
1233,Capital Federal,CABA - Boedo
1234,Capital Federal,CABA - Almagro
1235,Capital Federal,CABA - Boedo
1236,Capital Federal,CABA - Boedo
1237,Capital Federal,CABA - Boedo
1238,Capital Federal,CABA - Boedo
1239,Capital Federal,CABA - Boedo
1240,Capital Federal,CABA - Boedo
1241,Capital Federal,CABA - Boedo
1242,Capital Federal,CABA - Boedo
1243,Capital Federal,CABA - Boedo
1244,Capital Federal,CABA - San Cristobal
1245,Capital Federal,CABA - San Cristobal
1246,Capital Federal,CABA - San Cristobal
1247,Capital Federal,CABA - San Cristobal
1248,Capital Federal,CABA - San Cristobal
1249,Capital Federal,CABA - San Cristobal
1250,Capital Federal,CABA - Almagro
1251,Capital Federal,CABA - San Cristobal
1252,Capital Federal,CABA - San Cristobal
1253,Capital Federal,CABA - San Cristobal
1254,Capital Federal,CABA - San Cristobal
1255,Capital Federal,CABA - Parque Patricios
1256,Capital Federal,CABA - Parque Patricios
1257,Capital Federal,CABA - Almagro
1258,Capital Federal,CABA - San Cristobal
1259,Capital Federal,CABA - San Cristobal
1260,Capital Federal,CABA - San Cristobal
1261,Capital Federal,CABA - Parque Patricios
1262,Capital Federal,CABA - Parque Patricios
1263,Capital Federal,CABA - Parque Patricios
1264,Capital Federal,CABA - Parque Patricios
1265,Capital Federal,CABA - Constitucion
1266,Capital Federal,CABA - Constitucion
1267,Capital Federal,CABA - Constitucion
1268,Capital Federal,CABA - Constitucion
1269,Capital Federal,CABA - Barracas
1270,Capital Federal,CABA - Barracas
1271,Capital Federal,CABA - Barracas
1272,Capital Federal,CABA - Barracas
1273,Capital Federal,CABA - Barracas
1274,Capital Federal,CABA - Barracas
1275,Capital Federal,CABA - Constitucion
1276,Capital Federal,CABA - Barracas
1277,Capital Federal,CABA - Barracas
1278,Capital Federal,CABA - Barracas
1279,Capital Federal,CABA - Barracas
1280,Capital Federal,CABA - Barracas
1281,Capital Federal,CABA - Barracas
1282,Capital Federal,CABA - Barracas
1283,Capital Federal,CABA - Constitucion
1284,Capital Federal,CABA - Barracas
1285,Capital Federal,CABA - Barracas
1286,Capital Federal,CABA - Barracas
1287,Capital Federal,CABA - Barracas
1288,Capital Federal,CABA - Barracas
1289,Capital Federal,CABA - Barracas
1290,Capital Federal,CABA - Barracas
1291,Capital Federal,CABA - Barracas
1292,Capital Federal,CABA - Barracas
1293,Capital Federal,CABA - Barracas
1294,Capital Federal,CABA - Barracas
1295,Capital Federal,CABA - Barracas
1296,Capital Federal,CABA - Barracas
1298,Capital Federal,Ciudad Autonoma Buenos Aires
1300,Capital Federal,Ciudad Autonoma Buenos Aires
1301,Capital Federal,Ciudad Autonoma Buenos Aires
1302,Capital Federal,Ciudad Autonoma Buenos Aires
1303,Capital Federal,Ciudad Autonoma Buenos Aires
1304,Capital Federal,Ciudad Autonoma Buenos Aires
1305,Capital Federal,Ciudad Autonoma Buenos Aires
1306,Capital Federal,Ciudad Autonoma Buenos Aires
1307,Capital Federal,Ciudad Autonoma Buenos Aires
1308,Capital Federal,Ciudad Autonoma Buenos Aires
1309,Capital Federal,Ciudad Autonoma Buenos Aires
1310,Capital Federal,Ciudad Autonoma Buenos Aires
1311,Capital Federal,Ciudad Autonoma Buenos Aires
1312,Capital Federal,Ciudad Autonoma Buenos Aires
1313,Capital Federal,Ciudad Autonoma Buenos Aires
1314,Capital Federal,Ciudad Autonoma Buenos Aires
1315,Capital Federal,Ciudad Autonoma Buenos Aires
1316,Capital Federal,Ciudad Autonoma Buenos Aires
1317,Capital Federal,Ciudad Autonoma Buenos Aires
1318,Capital Federal,Ciudad Autonoma Buenos Aires
1319,Capital Federal,Ciudad Autonoma Buenos Aires
1320,Capital Federal,Ciudad Autonoma Buenos Aires
1321,Capital Federal,Ciudad Autonoma Buenos Aires
1322,Capital Federal,Ciudad Autonoma Buenos Aires
1323,Capital Federal,Ciudad Autonoma Buenos Aires
1324,Capital Federal,Ciudad Autonoma Buenos Aires
1325,Capital Federal,Ciudad Autonoma Buenos Aires
1326,Capital Federal,Ciudad Autonoma Buenos Aires
1327,Capital Federal,Ciudad Autonoma Buenos Aires
1328,Capital Federal,Ciudad Autonoma Buenos Aires
1329,Capital Federal,Ciudad Autonoma Buenos Aires
1330,Capital Federal,Ciudad Autonoma Buenos Aires
1331,Capital Federal,Ciudad Autonoma Buenos Aires
1332,Capital Federal,Ciudad Autonoma Buenos Aires
1333,Capital Federal,Ciudad Autonoma Buenos Aires
1334,Capital Federal,Ciudad Autonoma Buenos Aires
1335,Capital Federal,Ciudad Autonoma Buenos Aires
1336,Capital Federal,Ciudad Autonoma Buenos Aires
1337,Capital Federal,Ciudad Autonoma Buenos Aires
1338,Capital Federal,Ciudad Autonoma Buenos Aires
1339,Capital Federal,Ciudad Autonoma Buenos Aires
1340,Capital Federal,Ciudad Autonoma Buenos Aires
1341,Capital Federal,Ciudad Autonoma Buenos Aires
1342,Capital Federal,Ciudad Autonoma Buenos Aires
1343,Capital Federal,Ciudad Autonoma Buenos Aires
1344,Capital Federal,Ciudad Autonoma Buenos Aires
1345,Capital Federal,Ciudad Autonoma Buenos Aires
1346,Capital Federal,Ciudad Autonoma Buenos Aires
1347,Capital Federal,Ciudad Autonoma Buenos Aires
1348,Capital Federal,Ciudad Autonoma Buenos Aires
1349,Capital Federal,Ciudad Autonoma Buenos Aires
1350,Capital Federal,Ciudad Autonoma Buenos Aires
1351,Capital Federal,Ciudad Autonoma Buenos Aires
1352,Capital Federal,Ciudad Autonoma Buenos Aires
1353,Capital Federal,Ciudad Autonoma Buenos Aires
1354,Capital Federal,Ciudad Autonoma Buenos Aires
1355,Capital Federal,Ciudad Autonoma Buenos Aires
1356,Capital Federal,Ciudad Autonoma Buenos Aires
1357,Capital Federal,Ciudad Autonoma Buenos Aires
1358,Capital Federal,Ciudad Autonoma Buenos Aires
1359,Capital Federal,Ciudad Autonoma Buenos Aires
1360,Capital Federal,Ciudad Autonoma Buenos Aires
1361,Capital Federal,Ciudad Autonoma Buenos Aires
1362,Capital Federal,Ciudad Autonoma Buenos Aires
1363,Capital Federal,Ciudad Autonoma Buenos Aires
1364,Capital Federal,Ciudad Autonoma Buenos Aires
1365,Capital Federal,Ciudad Autonoma Buenos Aires
1366,Capital Federal,Ciudad Autonoma Buenos Aires
1367,Capital Federal,Ciudad Autonoma Buenos Aires
1368,Capital Federal,Ciudad Autonoma Buenos Aires
1369,Capital Federal,Ciudad Autonoma Buenos Aires
1370,Capital Federal,Ciudad Autonoma Buenos Aires
1371,Capital Federal,Ciudad Autonoma Buenos Aires
1372,Capital Federal,Ciudad Autonoma Buenos Aires
1373,Capital Federal,Ciudad Autonoma Buenos Aires
1374,Capital Federal,Ciudad Autonoma Buenos Aires
1375,Capital Federal,Ciudad Autonoma Buenos Aires
1376,Capital Federal,Ciudad Autonoma Buenos Aires
1377,Capital Federal,Ciudad Autonoma Buenos Aires
1378,Capital Federal,Ciudad Autonoma Buenos Aires
1379,Capital Federal,Ciudad Autonoma Buenos Aires
1380,Capital Federal,Ciudad Autonoma Buenos Aires
1381,Capital Federal,Ciudad Autonoma Buenos Aires
1382,Capital Federal,Ciudad Autonoma Buenos Aires
1383,Capital Federal,Ciudad Autonoma Buenos Aires
1384,Capital Federal,Ciudad Autonoma Buenos Aires
1385,Capital Federal,Ciudad Autonoma Buenos Aires
1386,Capital Federal,Ciudad Autonoma Buenos Aires
1387,Capital Federal,Ciudad Autonoma Buenos Aires
1388,Capital Federal,Ciudad Autonoma Buenos Aires
1389,Capital Federal,Ciudad Autonoma Buenos Aires
1390,Capital Federal,Ciudad Autonoma Buenos Aires
1391,Capital Federal,Ciudad Autonoma Buenos Aires
1392,Capital Federal,Ciudad Autonoma Buenos Aires
1393,Capital Federal,Ciudad Autonoma Buenos Aires
1394,Capital Federal,Ciudad Autonoma Buenos Aires
1395,Capital Federal,Ciudad Autonoma Buenos Aires
1396,Capital Federal,Ciudad Autonoma Buenos Aires
1397,Capital Federal,Ciudad Autonoma Buenos Aires
1398,Capital Federal,Ciudad Autonoma Buenos Aires
1399,Capital Federal,Ciudad Autonoma Buenos Aires
1400,Capital Federal,Ciudad Autonoma Buenos Aires
1401,Capital Federal,Ciudad Autonoma Buenos Aires
1402,Capital Federal,Ciudad Autonoma Buenos Aires
1405,Capital Federal,CABA - Villa Crespo
1406,Capital Federal,CABA - Flores
1407,Capital Federal,CABA - Velez Sarfield
1408,Capital Federal,CABA - Liniers
1409,Capital Federal,Ciudad Autonoma Buenos Aires
1410,Capital Federal,Ciudad Autonoma Buenos Aires
1411,Capital Federal,Ciudad Autonoma Buenos Aires
1412,Capital Federal,Ciudad Autonoma Buenos Aires
1413,Capital Federal,Ciudad Autonoma Buenos Aires
1414,Capital Federal,CABA - Caballito
1416,Capital Federal,CABA - Villa Gral. Mitre
1417,Capital Federal,CABA - Villa Devoto
1419,Capital Federal,CABA - Saavedra
1420,Capital Federal,Ciudad Autonoma Buenos Aires
1421,Capital Federal,Ciudad Autonoma Buenos Aires
1422,Capital Federal,Ciudad Autonoma Buenos Aires
1423,Capital Federal,Ciudad Autonoma Buenos Aires
1424,Capital Federal,CABA - Parque Chacabuco
1425,Capital Federal,CABA - Palermo
1426,Capital Federal,CABA - Colegiales
1427,Capital Federal,CABA - Chacarita
1428,Capital Federal,CABA - Belgrano
1429,Capital Federal,CABA - Nu√±ez
1430,Capital Federal,CABA - Villa Ortuzar
1431,Capital Federal,CABA - Villa Urquiza
1432,Capital Federal,Ciudad Autonoma Buenos Aires
1433,Capital Federal,Ciudad Autonoma Buenos Aires
1434,Capital Federal,Ciudad Autonoma Buenos Aires
1435,Capital Federal,Ciudad Autonoma Buenos Aires
1436,Capital Federal,Ciudad Autonoma Buenos Aires
1437,Capital Federal,CABA - Nueva Pompeya
1439,Capital Federal,CABA - Villa Lugano
1440,Capital Federal,CABA - Mataderos
1453,Capital Federal,Ciudad Autonoma Buenos Aires
1599,Capital Federal,Ciudad Autonoma Buenos Aires
